.\biology\tableTaxonsKnown10k.html	table
.\biology\tableTaxonsKnown5000.html	table
.\biology\tableTaxonsPlantsKnown3k.html	table
.\librivox\tableAllAuthors.html	table
.\librivox\tableAllBooks.html	table
.\librivox\tableAllLanguages.html	table
.\librivox\tableAllSectionsRus.html	table
.\librivox\tableReadersLangsRus.html	table
.\librivox\tableReadersLangsSeconds.html	table
.\librivox\tableReadersOf2024.html	table
.\librivox\tableReadersPolyglots.html	table
.\biology\tableTaxonsKnown10k.html	taxon
.\biology\tableTaxonsKnown5000.html	taxon
.\biology\tableTaxonsPlantsKnown3k.html	taxon
.\biology\graph3d_Ursidae_taxons.html	taxon
.\biology\graph2d_Ursidae_taxons.html	taxon
.\biology\graph2d_Eukaryote_depth3.html	taxon
.\biology\graph2d_Eukaryote_depth2.html	taxon
.\biology\graph2d_Eukaryote_depth2.html	graph
.\biology\graph2d_Eukaryote_depth3.html	graph
.\biology\graph2d_Ursidae_taxons.html	graph
.\biology\graph3d_Ursidae_taxons.html	graph
.\other\graph2d_Nicholas_I_descendants.html	graph
.\other\graph3d_Nicholas_I_descendants.html	graph
.\biology\graph2d_Eukaryote_depth2.html	biology
.\biology\graph2d_Eukaryote_depth3.html	biology
.\biology\graph2d_Ursidae_taxons.html	biology
.\biology\graph3d_Ursidae_taxons.html	biology
.\biology\index.html	biology
.\biology\tableTaxonsKnown10k.html	biology
.\biology\tableTaxonsKnown5000.html	biology
.\biology\tableTaxonsPlantsKnown3k.html	biology
./other/table_Russian_Writers_4709.html	table
./wikimediaCommons/Nicholas_II_depicted.html	table
./wikimediaCommons/Russian_writers_depicted.html	table
./wikisource/tableAllAuthors.html	table
./wikisource/tableAllIndices.html	table
./wikisource/tableAllVersionsPages.html	table
./table-gbif-ranks.html	table
./table-gbif-taxon-10k-byDescendants.html	table
./table-gbif-taxon-10k-byLinks.html	table
./table-gbif-taxon-10k-byLinks.html	biology
./table-gbif-taxon-10k-byDescendants.html	biology
./table-gbif-ranks.html	biology
./table-gbif-taxon-10k-byLinks.html	gbif
./table-gbif-taxon-10k-byDescendants.html	gbif
./table-gbif-ranks.html	gbif
